Lineage ID,Variable,Top CDR3AA,Lineage Frequency,Number of Clones,Isotypes,Minimum Clone SHM,Maximum Clone SHM,Minimum Clone Frequency,Maximum Clone Frequency
1,IGHV3-23,AKEKGAVAGAFDY,0.0254416961131,1,,0.0,0.0,0.0254416961131,0.0254416961131
2,IGHV3-11,ARDRVTTFGMDV,0.0216725559482,1,,0.021,0.021,0.0216725559482,0.0216725559482
3,IGHV2-70,ARMMDTTMANRYYFDY,0.0186101295642,1,,0.0,0.0,0.0186101295642,0.0186101295642
4,IGHV3-74,ARDVGGADSH,0.016961130742,2,,0.042,0.042,0.00636042402827,0.0106007067138
5,IGHV1-18,ARDGAGRGTLDY,0.0131919905771,1,,0.051,0.051,0.0131919905771,0.0131919905771
6,IGHV3-11,ARVLAGSWGPFDY,0.0127208480565,1,,0.0,0.0,0.0127208480565,0.0127208480565
7,IGHV5-51,ARHYDSSGYYPYFDY,0.011542991755,1,,0.0,0.0,0.011542991755,0.011542991755
8,IGHV3-23,TKNLSGWDYHGMDV,0.0113074204947,1,,0.044,0.044,0.0113074204947,0.0113074204947
9,IGHV5-10-1,ATVLREGAYSYGLPFDY,0.00989399293286,1,,0.0,0.0,0.00989399293286,0.00989399293286
10,IGHV6-1,ARDPGSYYVEGGAL,0.00895170789164,1,,0.0,0.0,0.00895170789164,0.00895170789164
11,IGHV3-9,AKGARDAFDY,0.00871613663133,1,,0.043,0.043,0.00871613663133,0.00871613663133
12,IGHV3-11,VRARYSSSSGGYYFDY,0.00848056537102,1,,0.079,0.079,0.00848056537102,0.00848056537102
13,IGHV2-5,AHISSLNYYYGMDV,0.00848056537102,1,,0.0,0.0,0.00848056537102,0.00848056537102
14,IGHV2-5,AHGKTYYYDSYFDY,0.00824499411072,1,,0.032,0.032,0.00824499411072,0.00824499411072
15,IGHV3-72,SRGLSD,0.00777385159011,1,,0.085,0.085,0.00777385159011,0.00777385159011
16,IGHV3-11,ARNRVAEDGFYGMDV,0.0075382803298,1,,0.0,0.0,0.0075382803298,0.0075382803298
17,IGHV3-11,ARIAVFFGMDV,0.00730270906949,1,,0.0,0.0,0.00730270906949,0.00730270906949
18,IGHV4-34,ARGFGYQLLNWFDP,0.00730270906949,1,,0.0,0.0,0.00730270906949,0.00730270906949
19,IGHV5-10-1,ARYSGSDYY,0.00730270906949,1,,0.027,0.027,0.00730270906949,0.00730270906949
20,IGHV3-23,AKDAEGSLSV,0.00706713780919,1,,0.0,0.0,0.00706713780919,0.00706713780919
21,IGHV5-10-1,ASAFHGDSRYDY,0.00706713780919,1,,0.043,0.043,0.00706713780919,0.00706713780919
22,IGHV4-39,ARDGTYGLYAMDV,0.00683156654888,1,,0.0,0.0,0.00683156654888,0.00683156654888
23,IGHV5-51,ARLSYSSSWDGGWFDP,0.00683156654888,1,,0.0,0.0,0.00683156654888,0.00683156654888
24,IGHV3-21,ARSPWVGGTWFDT,0.00636042402827,1,,0.089,0.089,0.00636042402827,0.00636042402827
25,IGHV4-34,TRSAGVPGIFQD,0.00636042402827,1,,0.083,0.083,0.00636042402827,0.00636042402827
26,IGHV2-70,ARMSLERGYYYYAMDV,0.00612485276796,1,,0.0,0.0,0.00612485276796,0.00612485276796
27,IGHV2-5,AKRLAGYSYGEPFDY,0.00588928150766,1,,0.062,0.062,0.00588928150766,0.00588928150766
28,IGHV4-34,ARGYYDSGGYWTYYYYGMDV,0.00588928150766,1,,0.026,0.026,0.00588928150766,0.00588928150766
29,IGHV3-11,ARVYSSSWTFDY,0.00565371024735,1,,0.0,0.0,0.00565371024735,0.00565371024735
30,IGHV3-11,ARRFQWLLGGHYYYSGLDV,0.00565371024735,1,,0.081,0.081,0.00565371024735,0.00565371024735
31,IGHV4-34,ATSSWFPNSSAY*SPP,0.00541813898704,1,,0.0,0.0,0.00541813898704,0.00541813898704
32,IGHV4-34,ARVGAGNRYGLHQGNAFDI,0.00541813898704,1,,0.026,0.026,0.00541813898704,0.00541813898704
33,IGHV3-23,ANSWAYCGKDCYTYNFDY,0.00541813898704,2,,0.083,0.111,0.00188457008245,0.00353356890459
34,IGHV3-9,AKDIQPTTMYGMDV,0.00518256772674,1,,0.04,0.04,0.00518256772674,0.00518256772674
35,IGHV3-30,ARGPRYYYGMDV,0.00518256772674,1,,0.0,0.0,0.00518256772674,0.00518256772674
36,IGHV3-11,ARDLGGSRRDFYFFGMDV,0.00518256772674,1,,0.026,0.026,0.00518256772674,0.00518256772674
37,IGHV3-11,ARVMPSSGSYGIDGMDV,0.00518256772674,1,,0.0,0.0,0.00518256772674,0.00518256772674
38,IGHV4-34,ASVVTLGTFDP,0.00518256772674,1,,0.028,0.028,0.00518256772674,0.00518256772674
39,IGHV5-51,ARHGFSSDAMDV,0.00518256772674,1,,0.034,0.034,0.00518256772674,0.00518256772674
40,IGHV5-51,ARLRCSSSTSCDASDI,0.00518256772674,1,,0.026,0.026,0.00518256772674,0.00518256772674
41,IGHV3-23,SHYGDYKSYYYYGMDV,0.00518256772674,1,,0.0,0.0,0.00518256772674,0.00518256772674
42,IGHV1-18,ARRSVLTSDY,0.00494699646643,1,,0.027,0.027,0.00494699646643,0.00494699646643
43,IGHV3-11,ARDDAVGATAY,0.00494699646643,1,,0.0,0.0,0.00494699646643,0.00494699646643
44,IGHV3-11,ARPGMEDYGY,0.00494699646643,1,,0.0,0.0,0.00494699646643,0.00494699646643
45,IGHV4-34,ARAFWGYCSSTSCRYGMDV,0.00494699646643,1,,0.0,0.0,0.00494699646643,0.00494699646643
46,IGHV4-34,ARHRYYYDSSGYYDY,0.00494699646643,1,,0.0,0.0,0.00494699646643,0.00494699646643
47,IGHV3-23,AKAYYYGSGSYAGVDY,0.00494699646643,1,,0.0,0.0,0.00494699646643,0.00494699646643
48,IGHV1-46,AREQVTSYYYYGMDV,0.00471142520612,1,,0.0,0.0,0.00471142520612,0.00471142520612
49,IGHV4-39,AREYAY,0.00471142520612,1,,0.0,0.0,0.00471142520612,0.00471142520612
50,IGHV3-11,ARGGLRGWYGPPLENYYGMDV,0.00471142520612,1,,0.0,0.0,0.00471142520612,0.00471142520612
51,IGHV4-34,ARGDGHCSNDL,0.00471142520612,1,,0.056,0.056,0.00471142520612,0.00471142520612
52,IGHV3-23,AKGSLSMVRGVPGYV,0.00471142520612,1,,0.0,0.0,0.00471142520612,0.00471142520612
53,IGHV3-23,AKEGRWELLIRGGRFDP,0.00471142520612,1,,0.0,0.0,0.00471142520612,0.00471142520612
54,IGHV3-23,AKGWVARNYFDY,0.00471142520612,1,,0.0,0.0,0.00471142520612,0.00471142520612
55,IGHV1-18,AREGNFGNYVGF,0.00447585394582,1,,0.026,0.026,0.00447585394582,0.00447585394582
56,IGHV3-30,GRESGIDWTKIGW,0.00447585394582,1,,0.062,0.062,0.00447585394582,0.00447585394582
57,IGHV3-30,ATWETVNIQPTEY,0.00447585394582,1,,0.086,0.086,0.00447585394582,0.00447585394582
58,IGHV4-39,ARDKAARYWYFDL,0.00447585394582,1,,0.026,0.026,0.00447585394582,0.00447585394582
59,IGHV3-11,ARGNLWSFDV,0.00447585394582,1,,0.0,0.0,0.00447585394582,0.00447585394582
60,IGHV4-34,AKKGGGYYSYSGLDV,0.00447585394582,1,,0.057,0.057,0.00447585394582,0.00447585394582
61,IGHV4-34,ARIRYFDWLPKFDY,0.00447585394582,1,,0.0,0.0,0.00447585394582,0.00447585394582
62,IGHV4-34,ARHDWSGYYTYNWFDP,0.00447585394582,1,,0.0,0.0,0.00447585394582,0.00447585394582
63,IGHV5-51,ARQGNPFYYYGMDV,0.00447585394582,1,,0.051,0.051,0.00447585394582,0.00447585394582
64,IGHV3-23,AKVLDYGDYDGALT,0.00447585394582,1,,0.0,0.0,0.00447585394582,0.00447585394582
65,IGHV1-18,ARKGIGKWSHDY,0.00424028268551,1,,0.088,0.088,0.00424028268551,0.00424028268551
66,IGHV3-11,ARDRGAFDI,0.00424028268551,1,,0.0,0.0,0.00424028268551,0.00424028268551
67,IGHV3-11,ARKSRDGYNHLDY,0.00424028268551,1,,0.0,0.0,0.00424028268551,0.00424028268551
68,IGHV3-11,ARDAVASYYFDY,0.00424028268551,1,,0.026,0.026,0.00424028268551,0.00424028268551
69,IGHV3-11,ARVAAAPDGADHGMDV,0.00424028268551,1,,0.085,0.085,0.00424028268551,0.00424028268551
70,IGHV1-2,AGYSNYVYYFYGLHV,0.00424028268551,1,,0.023,0.023,0.00424028268551,0.00424028268551
71,IGHV4-34,ARGGTGTPDDYGMDV,0.00424028268551,1,,0.0,0.0,0.00424028268551,0.00424028268551
72,IGHV2-5,AHIASWFGEIPYAFDV,0.00424028268551,1,,0.034,0.034,0.00424028268551,0.00424028268551
73,IGHV6-1,ARGSGSYWDGINWFDP,0.00424028268551,1,,0.0,0.0,0.00424028268551,0.00424028268551
74,IGHV2-26,ARMYSSNWYRWFDP,0.00424028268551,1,,0.033,0.033,0.00424028268551,0.00424028268551
75,IGHV3-53,TRWTGEVTGDNWFDS,0.00400471142521,1,,0.081,0.081,0.00400471142521,0.00400471142521
76,IGHV1-46,ARERVDTAMVYYYYGMDV,0.00400471142521,1,,0.0,0.0,0.00400471142521,0.00400471142521
77,IGHV1-2,ARAGGDILTGYPSYYYYGMDV,0.00400471142521,1,,0.021,0.021,0.00400471142521,0.00400471142521
78,IGHV1-3,LWLPDFDY,0.00400471142521,1,,0.0,0.0,0.00400471142521,0.00400471142521
79,IGHV4-34,ARQAPEVPDHYDSSGYPDY,0.00400471142521,1,,0.027,0.027,0.00400471142521,0.00400471142521
80,IGHV4-34,ARHIGSKWYWAFDY,0.00400471142521,1,,0.027,0.027,0.00400471142521,0.00400471142521
81,IGHV4-59,ARSHRADGSSWYGP,0.00400471142521,1,,0.027,0.027,0.00400471142521,0.00400471142521
82,IGHV4-39,ARVQAGCSRTSCTLDP,0.0037691401649,1,,0.053,0.053,0.0037691401649,0.0037691401649
83,IGHV3-11,ARENVGPWYFHH,0.0037691401649,1,,0.026,0.026,0.0037691401649,0.0037691401649
84,IGHV3-11,ARDAAQGYYGMDV,0.0037691401649,1,,0.0,0.0,0.0037691401649,0.0037691401649
85,IGHV4-34,ARLRAGVVPAAYFDY,0.0037691401649,1,,0.0,0.0,0.0037691401649,0.0037691401649
86,IGHV4-34,ARGGRISIFGVVRRPPWFDP,0.0037691401649,1,,0.0,0.0,0.0037691401649,0.0037691401649
87,IGHV4-34,ARARHG*DGGDC*GGWFDP,0.0037691401649,1,,0.028,0.028,0.0037691401649,0.0037691401649
88,IGHV4-34,ARGADHGLATSLWWFDP,0.0037691401649,1,,0.077,0.077,0.0037691401649,0.0037691401649
89,IGHV5-51,ARHVSLLKGYYNWEYSTMDV,0.0037691401649,1,,0.026,0.026,0.0037691401649,0.0037691401649
90,IGHV5-51,ARLEIVVVVAATVNARWFDP,0.0037691401649,1,,0.0,0.0,0.0037691401649,0.0037691401649
91,IGHV5-51,ARRVGAITGFDP,0.0037691401649,1,,0.07,0.07,0.0037691401649,0.0037691401649
92,IGHV3-23,AKSPGLRDGMDV,0.0037691401649,1,,0.0,0.0,0.0037691401649,0.0037691401649
93,IGHV3-53,VRSRCSGGSCSS*RALDYDCGMDV,0.00353356890459,1,,0.089,0.089,0.00353356890459,0.00353356890459
94,IGHV3-9,AKGRIAARRVNYYYYGMDV,0.00353356890459,1,,0.0,0.0,0.00353356890459,0.00353356890459
95,IGHV2-5,AHGFYYDSGGYWARFFDY,0.00353356890459,1,,0.071,0.071,0.00353356890459,0.00353356890459
96,IGHV1-46,ARGFVGGSSSCDY,0.00353356890459,1,,0.0,0.0,0.00353356890459,0.00353356890459
97,IGHV1-46,ARVGVPYSSSQPYWYFDL,0.00353356890459,1,,0.0,0.0,0.00353356890459,0.00353356890459
98,IGHV4-39,ARDPGGLWFEDV,0.00353356890459,1,,0.077,0.077,0.00353356890459,0.00353356890459
99,IGHV3-11,VRDGTIVDRPQGPLDY,0.00353356890459,1,,0.103,0.103,0.00353356890459,0.00353356890459
100,IGHV3-11,ARVLGSGSYYVDY,0.00353356890459,1,,0.0,0.0,0.00353356890459,0.00353356890459
101,IGHV3-11,ARDPKEGGYSYGYYYYGMDV,0.00353356890459,1,,0.0,0.0,0.00353356890459,0.00353356890459
102,IGHV3-11,AKCSYQYDSSGYWPGMDV,0.00353356890459,1,,0.0,0.0,0.00353356890459,0.00353356890459
103,IGHV2-70,GRINRDCSSPGCYSVYSYYPMDV,0.00353356890459,1,,0.071,0.071,0.00353356890459,0.00353356890459
104,IGHV4-34,AREEVESSTLGVVPYYYGMDV,0.00353356890459,1,,0.0,0.0,0.00353356890459,0.00353356890459
105,IGHV4-34,ARHIPVWMVLSGMDV,0.00353356890459,1,,0.027,0.027,0.00353356890459,0.00353356890459
106,IGHV4-34,ATLTGDYSA,0.00353356890459,1,,0.029,0.029,0.00353356890459,0.00353356890459
107,IGHV5-51,ARLDYYYYYGMDV,0.00353356890459,1,,0.083,0.083,0.00353356890459,0.00353356890459
108,IGHV6-1,ARDLVATIRGPALRKYGMDV,0.00353356890459,1,,0.0,0.0,0.00353356890459,0.00353356890459
109,IGHV3-23,AKDRAYDYDSSGYRLDY,0.00353356890459,1,,0.0,0.0,0.00353356890459,0.00353356890459
110,IGHV3-23,AKGNTAMVTLGFDY,0.00353356890459,1,,0.0,0.0,0.00353356890459,0.00353356890459
111,IGHV3-74,VRDFGGDRDS,0.00329799764429,1,,0.146,0.146,0.00329799764429,0.00329799764429
112,IGHV1-46,ARGTDWGSYYYYGLDV,0.00329799764429,1,,0.043,0.043,0.00329799764429,0.00329799764429
113,IGHV4-39,ARRGLFRGHFDS,0.00329799764429,1,,0.085,0.085,0.00329799764429,0.00329799764429
114,IGHV3-11,ARAPGGGWYVTFDY,0.00329799764429,1,,0.0,0.0,0.00329799764429,0.00329799764429
115,IGHV3-11,GRSGGAVGRSPVHY,0.00329799764429,1,,0.065,0.065,0.00329799764429,0.00329799764429
116,IGHV3-11,ARSAAVVLQGWFDP,0.00329799764429,1,,0.056,0.056,0.00329799764429,0.00329799764429
117,IGHV3-11,AREYTSSSFDP,0.00329799764429,1,,0.0,0.0,0.00329799764429,0.00329799764429
118,IGHV4-34,ARGLRDAVLYYYGLDV,0.00329799764429,1,,0.0,0.0,0.00329799764429,0.00329799764429
119,IGHV4-34,TRQNYYVSGNPFDS,0.00329799764429,1,,0.054,0.054,0.00329799764429,0.00329799764429
120,IGHV4-34,TRSAAVPGIFQT,0.00329799764429,1,,0.083,0.083,0.00329799764429,0.00329799764429
121,IGHV4-34,ATNATLTVGYRREAFDI,0.00329799764429,1,,0.057,0.057,0.00329799764429,0.00329799764429
122,IGHV4-34,AKHNQDYAFDI,0.00329799764429,1,,0.057,0.057,0.00329799764429,0.00329799764429
123,IGHV4-59,ASGITIYDY,0.00329799764429,1,,0.104,0.104,0.00329799764429,0.00329799764429
124,IGHV5-51,ASQSRNWFDP,0.00329799764429,1,,0.069,0.069,0.00329799764429,0.00329799764429
125,IGHV3-23,AGNFGVEMSWFDP,0.00329799764429,1,,0.0,0.0,0.00329799764429,0.00329799764429
126,IGHV1-24,ATDGGLAVPGTGYFFDF,0.00329799764429,1,,0.0,0.0,0.00329799764429,0.00329799764429
127,IGHV1-46,ARVEAIFGVATPYYYYGMDV,0.00306242638398,1,,0.021,0.021,0.00306242638398,0.00306242638398
128,IGHV4-39,AKGGAVYTRRFDP,0.00306242638398,1,,0.053,0.053,0.00306242638398,0.00306242638398
129,IGHV4-39,ARERKGDAGDYRGSFEI,0.00306242638398,1,,0.103,0.103,0.00306242638398,0.00306242638398
130,IGHV3-11,ASLQGHRYCSGGSCYPDY,0.00306242638398,1,,0.0,0.0,0.00306242638398,0.00306242638398
131,IGHV3-11,ASPTYSGSYYWSQIGY,0.00306242638398,1,,0.0,0.0,0.00306242638398,0.00306242638398
132,IGHV3-11,ARVEYSYGYGEPYFDY,0.00306242638398,1,,0.0,0.0,0.00306242638398,0.00306242638398
133,IGHV3-11,ARTPKGPTYYYYGMDV,0.00306242638398,1,,0.0,0.0,0.00306242638398,0.00306242638398
134,IGHV3-11,ARDNRAGLYYYYGMDV,0.00306242638398,1,,0.0,0.0,0.00306242638398,0.00306242638398
135,IGHV2-70,ARSRMVGANDY,0.00306242638398,1,,0.0,0.0,0.00306242638398,0.00306242638398
136,IGHV4-34,ARMRISEITFPTYYYGMDV,0.00306242638398,1,,0.0,0.0,0.00306242638398,0.00306242638398
137,IGHV4-34,AMRAVLLWFGDYFDY,0.00306242638398,1,,0.0,0.0,0.00306242638398,0.00306242638398
138,IGHV4-34,VRHRDYSLEY,0.00306242638398,1,,0.027,0.027,0.00306242638398,0.00306242638398
139,IGHV4-34,ARQRFGLVDS,0.00306242638398,1,,0.0,0.0,0.00306242638398,0.00306242638398
140,IGHV6-1,ARDGLGTYYYFDY,0.00306242638398,1,,0.021,0.021,0.00306242638398,0.00306242638398
141,IGHV3-23,AKAMTDHLPNLNFEY,0.00306242638398,2,,0.026,0.053,0.000471142520612,0.00259128386337
142,IGHV3-15,TTEEGGSYGPQMDV,0.00282685512367,1,,0.0,0.0,0.00282685512367,0.00282685512367
143,IGHV3-74,ARGATVTTPNSLRV,0.00282685512367,1,,0.0,0.0,0.00282685512367,0.00282685512367
144,IGHV3-11,ARDRKWEVPFDS,0.00282685512367,1,,0.026,0.026,0.00282685512367,0.00282685512367
145,IGHV3-11,GRSTTSSSRRGFDC,0.00282685512367,1,,0.081,0.081,0.00282685512367,0.00282685512367
146,IGHV3-11,ATGPGYLIEY,0.00282685512367,1,,0.105,0.105,0.00282685512367,0.00282685512367
147,IGHV3-11,ARGGLGNYYYGMDV,0.00282685512367,1,,0.0,0.0,0.00282685512367,0.00282685512367
148,IGHV3-11,ARGAKSTSGMDV,0.00282685512367,1,,0.053,0.053,0.00282685512367,0.00282685512367
149,IGHV4-34,ATQNLRDPMGIAAEFSIDP,0.00282685512367,1,,0.0,0.0,0.00282685512367,0.00282685512367
150,IGHV3-23,AKSTYTSATYYSGMDV,0.00282685512367,1,,0.027,0.027,0.00282685512367,0.00282685512367
151,IGHV3-23,ARSGIYYHWFDP,0.00282685512367,1,,0.0,0.0,0.00282685512367,0.00282685512367
152,IGHV5-10-1,ARIPAHELWLHWFDP,0.00282685512367,1,,0.0,0.0,0.00282685512367,0.00282685512367
153,IGHV5-10-1,ARKSTGYCSSGRPCSHFDY,0.00282685512367,1,,0.0,0.0,0.00282685512367,0.00282685512367
154,IGHV3-9,ARGRSGYIAVTVADY,0.00259128386337,1,,0.021,0.021,0.00259128386337,0.00259128386337
155,IGHV3-30,AKEGVALFADFYYGLEV,0.00259128386337,1,,0.042,0.042,0.00259128386337,0.00259128386337
156,IGHV1-8,ARGRGQRWLPTYS,0.00259128386337,1,,0.0,0.0,0.00259128386337,0.00259128386337
157,IGHV4-34,ARHGPNPVVQWFYPNDGFDP,0.00259128386337,1,,0.0,0.0,0.00259128386337,0.00259128386337
158,IGHV3-23,AKVDSSGWYRHFDY,0.00259128386337,1,,0.0,0.0,0.00259128386337,0.00259128386337
159,IGHV3-23,AKATYGYY,0.00259128386337,1,,0.0,0.0,0.00259128386337,0.00259128386337
160,IGHV2-26,ARIRLLDSSSWYARGPYYYYYGMDV,0.00235571260306,1,,0.0,0.0,0.00235571260306,0.00235571260306
161,IGHV1-18,AVYFDSSPNNLLL*L,0.00235571260306,1,,0.0,0.0,0.00235571260306,0.00235571260306
162,IGHV3-30,TGPWFDP,0.00235571260306,1,,0.0,0.0,0.00235571260306,0.00235571260306
163,IGHV3-43,AKGTVRGPDAFDF,0.00235571260306,1,,0.043,0.043,0.00235571260306,0.00235571260306
164,IGHV1-46,ARDLAGSTYEVYYYGMDV,0.00235571260306,1,,0.042,0.042,0.00235571260306,0.00235571260306
165,IGHV1-46,GRDSSNYGPDY,0.00235571260306,1,,0.051,0.051,0.00235571260306,0.00235571260306
166,IGHV4-39,ARDYGDY,0.00235571260306,1,,0.103,0.103,0.00235571260306,0.00235571260306
167,IGHV3-11,ASDPSYGSNWHYYLDH,0.00235571260306,1,,0.051,0.051,0.00235571260306,0.00235571260306
168,IGHV3-11,ARDKWWGSGFHFDS,0.00235571260306,1,,0.026,0.026,0.00235571260306,0.00235571260306
169,IGHV3-11,ARAYTRLSPFDY,0.00235571260306,1,,0.0,0.0,0.00235571260306,0.00235571260306
170,IGHV3-11,ATGHITGDDS,0.00235571260306,1,,0.053,0.053,0.00235571260306,0.00235571260306
171,IGHV3-11,ARDALVPGDLDV,0.00235571260306,1,,0.026,0.026,0.00235571260306,0.00235571260306
172,IGHV4-34,AKVVRDEAAAGPLRLLGLDV,0.00235571260306,1,,0.079,0.079,0.00235571260306,0.00235571260306
173,IGHV4-34,ARVLNRPVTNRKFDY,0.00235571260306,1,,0.0,0.0,0.00235571260306,0.00235571260306
174,IGHV4-34,AGSSSSSGWYYFDY,0.00235571260306,1,,0.0,0.0,0.00235571260306,0.00235571260306
175,IGHV4-34,ATLTGHRGLWIDN,0.00235571260306,1,,0.029,0.029,0.00235571260306,0.00235571260306
176,IGHV4-34,ARLIGGKYYFDY,0.00235571260306,1,,0.0,0.0,0.00235571260306,0.00235571260306
177,IGHV3-23,ASLYSSSFFDP,0.00235571260306,1,,0.0,0.0,0.00235571260306,0.00235571260306
178,IGHV3-23,AKARDGYNNYCPFDY,0.00235571260306,1,,0.0,0.0,0.00235571260306,0.00235571260306
179,IGHV2-26,APPF*GTMIVVVPFDY,0.00235571260306,1,,0.0,0.0,0.00235571260306,0.00235571260306
180,IGHV2-26,ARRYSSGWFAFYYYYGLDV,0.00212014134276,1,,0.028,0.028,0.00212014134276,0.00212014134276
181,IGHV3-74,ATGHYGPEY,0.00212014134276,1,,0.085,0.085,0.00212014134276,0.00212014134276
182,IGHV3-30,ARESGSSGSAGWFDP,0.00212014134276,1,,0.062,0.062,0.00212014134276,0.00212014134276
183,IGHV2-5,AHNTRIQLWSNYFDN,0.00212014134276,1,,0.0,0.0,0.00212014134276,0.00212014134276
184,IGHV1-8,ARGGSNPARDYFDY,0.00212014134276,1,,0.0,0.0,0.00212014134276,0.00212014134276
185,IGHV3-11,ARAFNSVFDFDI,0.00212014134276,1,,0.0,0.0,0.00212014134276,0.00212014134276
186,IGHV3-11,ARDLGVGEYSSGWYPGVDY,0.00212014134276,1,,0.0,0.0,0.00212014134276,0.00212014134276
187,IGHV2-70,ARSYGSAINDY,0.00212014134276,1,,0.027,0.027,0.00212014134276,0.00212014134276
188,IGHV1-3,ARELDSNYYQFDY,0.00212014134276,1,,0.062,0.062,0.00212014134276,0.00212014134276
189,IGHV4-34,ARHPDPQTFHDFWSGYSFDP,0.00212014134276,1,,0.0,0.0,0.00212014134276,0.00212014134276
190,IGHV4-34,ASTPRWGSGYYGKKNWFDP,0.00212014134276,1,,0.0,0.0,0.00212014134276,0.00212014134276
191,IGHV4-34,ARSTTVLTGMFDP,0.00212014134276,1,,0.056,0.056,0.00212014134276,0.00212014134276
192,IGHV5-10-1,ATGLRAYTAFDEVRLDD,0.00212014134276,1,,0.086,0.086,0.00212014134276,0.00212014134276
193,IGHV3-74,ARPMSTSSLFFDY,0.00188457008245,1,,0.0,0.0,0.00188457008245,0.00188457008245
194,IGHV1-8,ARGEGYDILTGYQTAQYYYYGMDV,0.00188457008245,1,,0.0,0.0,0.00188457008245,0.00188457008245
195,IGHV1-46,ARVDNWNRQDPGNYYYYGMDV,0.00188457008245,1,,0.0,0.0,0.00188457008245,0.00188457008245
196,IGHV1-46,ASRFSGYDSWFDP,0.00188457008245,1,,0.089,0.089,0.00188457008245,0.00188457008245
197,IGHV4-39,AREAGCNSFGCYAMDV,0.00188457008245,1,,0.026,0.026,0.00188457008245,0.00188457008245
198,IGHV3-11,ARGAGIAAAGKGGSNPTDY,0.00188457008245,1,,0.0,0.0,0.00188457008245,0.00188457008245
199,IGHV3-11,ARDPDFWSGGFDY,0.00188457008245,1,,0.0,0.0,0.00188457008245,0.00188457008245
200,IGHV3-11,ARDHTPDIVATKTFDP,0.00188457008245,1,,0.0,0.0,0.00188457008245,0.00188457008245
201,IGHV3-11,ARNMYQLLYYYYGMDV,0.00188457008245,1,,0.0,0.0,0.00188457008245,0.00188457008245
202,IGHV1-2,GRVGLAARFPYYYYALDV,0.00188457008245,1,,0.043,0.043,0.00188457008245,0.00188457008245
203,IGHV4-34,ARRAGGYQYFYGMDV,0.00188457008245,1,,0.027,0.027,0.00188457008245,0.00188457008245
204,IGHV3-20,ARGFVGTTTD,0.00188457008245,1,,0.064,0.064,0.00188457008245,0.00188457008245
205,IGHV1-24,AAIRRQLVLSWFDP,0.00188457008245,1,,0.13,0.13,0.00188457008245,0.00188457008245
206,IGHV3-23,ANPPLMTKVTGWHYYYGVDV,0.00188457008245,1,,0.0,0.0,0.00188457008245,0.00188457008245
207,IGHV3-23,VKGQDGGVANNWFDP,0.00188457008245,1,,0.105,0.105,0.00188457008245,0.00188457008245
208,IGHV3-23,AKKYNYIISAFGS,0.00188457008245,1,,0.0,0.0,0.00188457008245,0.00188457008245
209,IGHV3-23,AKAAGTIAAAEAVY,0.00188457008245,1,,0.0,0.0,0.00188457008245,0.00188457008245
210,IGHV1-69,AATDFWSGYYSDY,0.00188457008245,1,,0.0,0.0,0.00188457008245,0.00188457008245
211,IGHV3-21,VRISTAQPGGDH,0.00164899882214,1,,0.089,0.089,0.00164899882214,0.00164899882214
212,IGHV3-48,TRWVTALDY,0.00164899882214,1,,0.028,0.028,0.00164899882214,0.00164899882214
213,IGHV2-5,AHRQLLVTAAGRGFDP,0.00164899882214,1,,0.0,0.0,0.00164899882214,0.00164899882214
214,IGHV3-30,ARVAALGVLYYSFDF,0.00164899882214,1,,0.064,0.064,0.00164899882214,0.00164899882214
215,IGHV1-46,ARTLSGSSPIEAFDI,0.00164899882214,1,,0.0,0.0,0.00164899882214,0.00164899882214
216,IGHV4-39,ARALGFLYYYGMDV,0.00164899882214,1,,0.026,0.026,0.00164899882214,0.00164899882214
217,IGHV3-11,ATKTLNWFFDV,0.00164899882214,1,,0.0,0.0,0.00164899882214,0.00164899882214
218,IGHV3-11,ARDLRPALVATIPTFGY,0.00164899882214,1,,0.051,0.051,0.00164899882214,0.00164899882214
219,IGHV3-11,AREELRRTYSRTPLDY,0.00164899882214,1,,0.0,0.0,0.00164899882214,0.00164899882214
220,IGHV1-2,AVYFDSSPNNLLL*L,0.00164899882214,1,,0.0,0.0,0.00164899882214,0.00164899882214
221,IGHV4-34,ARLTWNAVGYFES,0.00164899882214,1,,0.054,0.054,0.00164899882214,0.00164899882214
222,IGHV4-34,ARVLELAGNDP,0.00164899882214,1,,0.056,0.056,0.00164899882214,0.00164899882214
223,IGHV1-18,ARGPTFWQQRRNWFDP,0.00164899882214,1,,0.026,0.026,0.00164899882214,0.00164899882214
224,IGHV1-18,ASRFSGYDSWFDP,0.00164899882214,1,,0.083,0.083,0.00164899882214,0.00164899882214
225,IGHV1-3,ARVHDFWSGSTSDYGLDV,0.00164899882214,1,,0.0,0.0,0.00164899882214,0.00164899882214
226,IGHV3-15,TTAIFVGTVFDS,0.00141342756184,1,,0.085,0.085,0.00141342756184,0.00141342756184
227,IGHV3-15,TTDIVVVVAAMFAFDI,0.00141342756184,1,,0.021,0.021,0.00141342756184,0.00141342756184
228,IGHV1-18,ARGPISGSSWPYGMDV,0.00141342756184,1,,0.0,0.0,0.00141342756184,0.00141342756184
229,IGHV1-18,GRGGSYGRYFDH,0.00141342756184,1,,0.062,0.062,0.00141342756184,0.00141342756184
230,IGHV3-74,SSSSSDYYYGGYHFDY,0.00141342756184,1,,0.056,0.056,0.00141342756184,0.00141342756184
231,IGHV3-74,APGDYISY,0.00141342756184,1,,0.0,0.0,0.00141342756184,0.00141342756184
232,IGHV1-8,ARGPISGSSWPYGMDV,0.00141342756184,1,,0.021,0.021,0.00141342756184,0.00141342756184
233,IGHV3-30,ARGGYCSSTSCYSGQPPLDY,0.00141342756184,1,,0.0,0.0,0.00141342756184,0.00141342756184
234,IGHV4-39,ARGIRYLDWNPAGNWFDS,0.00141342756184,1,,0.053,0.053,0.00141342756184,0.00141342756184
235,IGHV4-39,ARESSAFSGSYYFDF,0.00141342756184,1,,0.026,0.026,0.00141342756184,0.00141342756184
236,IGHV4-39,AGEDRYNVDS,0.00141342756184,1,,0.051,0.051,0.00141342756184,0.00141342756184
237,IGHV1-8,ASGLSERWTKFDY,0.00141342756184,1,,0.026,0.026,0.00141342756184,0.00141342756184
238,IGHV3-11,AIGGRWQYCTGINCYYVF,0.00141342756184,1,,0.029,0.029,0.00141342756184,0.00141342756184
239,IGHV3-11,ARDNWNDDEDFDY,0.00141342756184,1,,0.042,0.042,0.00141342756184,0.00141342756184
240,IGHV3-11,VRGKGWFDP,0.00141342756184,1,,0.079,0.079,0.00141342756184,0.00141342756184
241,IGHV4-34,ARYNDGRQRPRFHQYYGLDV,0.00141342756184,1,,0.0,0.0,0.00141342756184,0.00141342756184
242,IGHV4-34,ASGYGNRRHLFHYGLDV,0.00141342756184,1,,0.103,0.103,0.00141342756184,0.00141342756184
243,IGHV4-34,ATNTSGRVFDF,0.00141342756184,1,,0.0,0.0,0.00141342756184,0.00141342756184
244,IGHV4-34,VRRSGTLDY,0.00141342756184,1,,0.031,0.031,0.00141342756184,0.00141342756184
245,IGHV4-34,ARGDWILYYGDT*GGST,0.00141342756184,1,,0.077,0.077,0.00141342756184,0.00141342756184
246,IGHV5-51,ARRYSPSYWWFDP,0.00141342756184,1,,0.053,0.053,0.00141342756184,0.00141342756184
247,IGHV3-23,VKGGTGMALDH,0.00141342756184,1,,0.073,0.073,0.00141342756184,0.00141342756184
248,IGHV2-26,ARSFQEGGYKDDTFDV,0.00141342756184,1,,0.034,0.034,0.00141342756184,0.00141342756184
249,IGHV1-24,ATMFRVRGLLLDWAAFDI,0.00141342756184,1,,0.0,0.0,0.00141342756184,0.00141342756184
250,IGHV3-13,ARGFCSNGVCRPDWYFDL,0.00141342756184,1,,0.0,0.0,0.00141342756184,0.00141342756184
251,IGHV5-10-1,ARFGGQLGDFYWNYGMDV,0.00141342756184,1,,0.0,0.0,0.00141342756184,0.00141342756184
252,IGHV3-48,ARDLGVLEWSYGMDV,0.00117785630153,1,,0.026,0.026,0.00117785630153,0.00117785630153
253,IGHV1-18,ARLASLKEDDDY,0.00117785630153,1,,0.081,0.081,0.00117785630153,0.00117785630153
254,IGHV1-58,AADLSGVRDPPRFDP,0.00117785630153,1,,0.077,0.077,0.00117785630153,0.00117785630153
255,IGHV3-74,ARDKGDDYYYYGMDV,0.00117785630153,1,,0.0,0.0,0.00117785630153,0.00117785630153
256,IGHV3-30,IGGL*QWLTVTPAGGRFDY,0.00117785630153,1,,0.0,0.0,0.00117785630153,0.00117785630153
257,IGHV3-30,ARGLRTTVTTWETFDF,0.00117785630153,1,,0.021,0.021,0.00117785630153,0.00117785630153
258,IGHV1-46,AGGGTL,0.00117785630153,1,,0.0,0.0,0.00117785630153,0.00117785630153
259,IGHV4-39,ARGTSSTWYDR,0.00117785630153,1,,0.0,0.0,0.00117785630153,0.00117785630153
260,IGHV4-39,ARDLRGYSNGLQRYYFDY,0.00117785630153,1,,0.077,0.077,0.00117785630153,0.00117785630153
261,IGHV3-11,ARDRFAPSAASYYYYGMDV,0.00117785630153,1,,0.0,0.0,0.00117785630153,0.00117785630153
262,IGHV3-11,ARDPYNLDF,0.00117785630153,1,,0.062,0.062,0.00117785630153,0.00117785630153
263,IGHV2-70,CRGNYGFGY,0.00117785630153,1,,0.045,0.045,0.00117785630153,0.00117785630153
264,IGHV4-34,AILIYDILTGFQPF,0.00117785630153,1,,0.0,0.0,0.00117785630153,0.00117785630153
265,IGHV4-34,ARQPGKWWFDF,0.00117785630153,1,,0.081,0.081,0.00117785630153,0.00117785630153
266,IGHV4-34,ARDQGGGH,0.00117785630153,1,,0.0,0.0,0.00117785630153,0.00117785630153
267,IGHV4-34,ARSLILLTGYPRGANWFDP,0.00117785630153,1,,0.108,0.108,0.00117785630153,0.00117785630153
268,IGHV4-34,AIMRVERHAMTWFDP,0.00117785630153,1,,0.057,0.057,0.00117785630153,0.00117785630153
269,IGHV5-51,VRRGGWRAVTDSIYAFDI,0.00117785630153,1,,0.079,0.079,0.00117785630153,0.00117785630153
270,IGHV3-23,AKVPEPQYYFDS,0.00117785630153,1,,0.105,0.105,0.00117785630153,0.00117785630153
271,IGHV3-23,AKDPTTTMTTGWYFDI,0.00117785630153,1,,0.051,0.051,0.00117785630153,0.00117785630153
272,IGHV3-48,ARGPIYNDSWNQLFHY,0.000942285041225,1,,0.0,0.0,0.000942285041225,0.000942285041225
273,IGHV1-18,ARDGQWLAHDY,0.000942285041225,1,,0.0,0.0,0.000942285041225,0.000942285041225
274,IGHV3-74,ASGTSWTQFDYYFDY,0.000942285041225,1,,0.044,0.044,0.000942285041225,0.000942285041225
275,IGHV1-8,ARGTSYYGGGIDAFDI,0.000942285041225,1,,0.042,0.042,0.000942285041225,0.000942285041225
276,IGHV3-30,ARGAL*V***CPYYGELVRP,0.000942285041225,1,,0.0,0.0,0.000942285041225,0.000942285041225
277,IGHV3-49,TRDSCTRTSCQVYFDL,0.000942285041225,1,,0.103,0.103,0.000942285041225,0.000942285041225
278,IGHV3-11,ARDPTTVTTMTAPFDF,0.000942285041225,1,,0.104,0.104,0.000942285041225,0.000942285041225
279,IGHV3-11,VRDLAGAVGS,0.000942285041225,1,,0.083,0.083,0.000942285041225,0.000942285041225
280,IGHV3-11,ARDPRDLGYCSSPSCMDV,0.000942285041225,1,,0.051,0.051,0.000942285041225,0.000942285041225
281,IGHV4-34,ARHYSDGEVATSNRTLRGLMDV,0.000942285041225,1,,0.0,0.0,0.000942285041225,0.000942285041225
282,IGHV4-34,ARLSKALWFGRMTPPRDFDY,0.000942285041225,1,,0.027,0.027,0.000942285041225,0.000942285041225
283,IGHV4-34,VRFHLTILCRCLLLIRPT,0.000942285041225,1,,0.216,0.216,0.000942285041225,0.000942285041225
284,IGHV4-34,ASNSSGWSFGN,0.000942285041225,1,,0.056,0.056,0.000942285041225,0.000942285041225
285,IGHV4-34,ARNTDYWHHFYFHP,0.000942285041225,1,,0.081,0.081,0.000942285041225,0.000942285041225
286,IGHV4-34,ARQPFLVGRGKYNTDWYGPVRPGDM,0.000942285041225,1,,0.027,0.027,0.000942285041225,0.000942285041225
287,IGHV3-23,ATLRFWDWLSFDYDIDV,0.000942285041225,1,,0.0,0.0,0.000942285041225,0.000942285041225
288,IGHV3-23,AKSVGKSGYLDY,0.000942285041225,1,,0.0,0.0,0.000942285041225,0.000942285041225
289,IGHV3-72,VRTYRQILWNYYDY,0.000942285041225,1,,0.087,0.087,0.000942285041225,0.000942285041225
290,IGHV1-18,ARDLIVRAGFDFDY,0.000706713780919,1,,0.0,0.0,0.000706713780919,0.000706713780919
291,IGHV1-18,ASGLQLIVFDY,0.000706713780919,1,,0.056,0.056,0.000706713780919,0.000706713780919
292,IGHV2-5,AHRLKTAMTELVRP,0.000706713780919,1,,0.0,0.0,0.000706713780919,0.000706713780919
293,IGHV1-58,AATDFWSGYYSDY,0.000706713780919,1,,0.0,0.0,0.000706713780919,0.000706713780919
294,IGHV1-18,ARDRQFLGVISHNALDI,0.000706713780919,1,,0.051,0.051,0.000706713780919,0.000706713780919
295,IGHV4-39,ARDRKTRFDILTGLPYFYGMDV,0.000706713780919,1,,0.026,0.026,0.000706713780919,0.000706713780919
296,IGHV3-11,AREGGKIWSGPEAQVQYYYGMDV,0.000706713780919,1,,0.026,0.026,0.000706713780919,0.000706713780919
297,IGHV4-34,ARLLPRGNFDY,0.000706713780919,1,,0.0,0.0,0.000706713780919,0.000706713780919
298,IGHV4-34,ARGGRTLTGYFNGVRNWFDP,0.000706713780919,1,,0.026,0.026,0.000706713780919,0.000706713780919
299,IGHV3-23,AKDRGLYSGMHSPFDY,0.000706713780919,1,,0.062,0.062,0.000706713780919,0.000706713780919
300,IGHV1-18,ARGGVDIVATITNRINYYYYGMDV,0.000471142520612,1,,0.0,0.0,0.000471142520612,0.000471142520612
301,IGHV3-11,ARTPLTTIMKFDY,0.000471142520612,1,,0.0,0.0,0.000471142520612,0.000471142520612
302,IGHV1-2,VRD*VQRVNRIATI*PIAWRPLT,0.000471142520612,1,,0.146,0.146,0.000471142520612,0.000471142520612
303,IGHV4-34,ATWGFYYFDY,0.000471142520612,1,,0.026,0.026,0.000471142520612,0.000471142520612
304,IGHV3-13,AREIPPILYGSGSY*LGGDRT,0.000471142520612,1,,0.026,0.026,0.000471142520612,0.000471142520612
